book_id,isbn,Title,Authors,Description,Category,Publisher,Publish Date,Price
1,9786165172868,Goat Brothers,"By Colton, Larry",," History , General",Doubleday,"Friday, January 1, 1993",Price Starting at $8.79
2,9780318626598,  The Missing Person  ,"By Grumbach, Doris",," Fiction , General",Putnam Pub Group,"Sunday, March 1, 1981",Price Starting at $4.99
3,9788963224725,Don't Eat Your Heart Out Cookbook,"By Piscatella, Joseph C.",," COOKING , REFERENCE",Workman Pub Co,"Thursday, September 1, 1983",Price Starting at $4.99
4,9787853778768,When Your Corporate Umbrella Begins to Leak: A Handbook for White Collar Re-Employment,"By Davis, Paul D.",,,Natl Pr Books,"Monday, April 1, 1991",Price Starting at $4.99
5,9786198833507,Amy Spangler's Breastfeeding : A Parent's Guide,"  By Spangler, Amy  ",,,Amy Spangler,"Saturday, February 1, 1997",Price Starting at $5.32
6,9787686945825,The Foundation of Leadership: Enduring Principles to Govern Our Lives,"By Short, Bo",,,Excalibur Press,"Wednesday, January 1, 1997",Price Starting at $6.06
7,9785037039506,Chicken Soup for the Soul: 101 Stories to Open the Heart and Rekindle the Spirit,"SMITH, JOHN",," Self-help , Personal Growth , Self-Esteem",Health Communications Inc,"Saturday, May 1, 1993",Price Starting at $4.99
8,9780924238031,Journey Through Heartsongs,"By Stepanek, Mattie J. T.","Collects poems written by the eleven-year-old muscular dystrophy patient, sharing his feelings and thoughts about his life, the deaths of his siblings, nature, faith, and hope."," poetry , general",VSP Books,"Saturday, September 1, 2001",Price Starting at $19.96
9,9788751102914,  In Search of Melancholy Baby  ,"By Aksyonov, Vassily, Heim, Michael Henry, and Bouis, Antonina W.","The Russian author offers an affectionate chronicle of life in the United States, with discussions of such topics as the European charm of Washington, D.C., and the American immigration bureaucracy"," Biography & Autobiography , General",Random House,"Monday, June 1, 1987",Price Starting at $4.99
10,9782071872830,,"By Eakin, Katherine M. and Deaman, Joane (EDT)",," Cooking , General",Oxmoor House,"Sunday, June 1, 1986",Price Starting at $12.98
11,9789381666227,The Dieter's Guide to Weight Loss During Sex,"By Smith, Richard","A humor classic, this tongue-in-cheek diet plan bases calorie counts on sexual activity and charts the exact number of calories burned.""You and your friends can read this book aloud while sitting on the beach and shed a combined total of ten thousand calories in thirty-three minutes. Yes, it's that funny.""-Glamour. Selection of the Quality Paperback Book and Playboy book clubs and a New York Times Bestseller. 935,000 copies in print."," HEALTH & FITNESS , DIET & NUTRITION , DIETS",Workman Publishing Company,"Sunday, January 1, 1978",Price Starting at $4.99
12,9785406276785,Germs : Biological Weapons and America's Secret War,"  By Miller, Judith, Engelberg, Stephen, and Broad, William J.  ","Deadly germs sprayed in shopping malls, bomb-lets spewing anthrax spores over battlefields, tiny vials of plague scattered in Times Square -- these are the poor man's hydrogen bombs, hideous weapons of mass destruction that can be made in a simple laboratory. In this groundbreaking work of investigative journalism, Judith Miller, Stephen Engelberg, and William Broad of The New York Times uncover the truth about biological weapons and show why bio-warfare and bio-terrorism are fast becoming our worst national nightmare.  Among the startling revelations in Germs:   How the CIA secretly built and tested a model of a Soviet-designed germ bomb, alarming some officials who felt the work pushed to the limits of what is permitted by the global treaty banning germ arms. How the Pentagon embarked on a secret effort to make a superbug. Details about the Soviet Union's massive hidden program to produce biological weapons, including new charges that germs were tested on humans. How Moscow's scientists made an untraceable germ that instructs the body to destroy itself. The Pentagon's chaotic efforts to improvise defenses against Iraq's biological weapons during the 1991 Persian Gulf War. How a religious cult in Oregon in the 1980s sickened hundreds of Americans in a bio-terrorism attack that the government played down to avoid panic and copycat strikes. Plans by the U.S. military in the 1960s to attack Cuba with germ weapons.   Germs also shows how a small group of scientists and senior officials persuaded President Bill Clinton to launch a controversial multibillion-dollar program to detect a germ attack on U.S. soil and to aid its victims -- a program that, so far, is struggling to provide real protection.  Based on hundreds of interviews with scientists and senior officials, including President Clinton, as well as on recently declassified documents and on-site reporting from the former Soviet Union's sinister bio-weapons labs, Germs shows us bio-warriors past and present at work at their trade. There is the American scientist who devoted his professional life to perfecting biological weapons, and the Nobel laureate who helped pioneer the new biology of genetically modified germs and is now trying to stop its misuse. We meet former Soviet scientists who made enough plague, smallpox, and anthrax to kill everyone on Earth and whose expertise is now in great demand by terrorists, rogue states, and legitimate research labs alike.  A frightening and unforgettable narrative of cutting-edge science and spycraft, Germs shows us why advances in biology and the spread of germ weapons expertise to such countries as Iran, Iraq, and North Korea could make germs the weapon of the twenty-first century."," Technology & Engineering , Military Science",Simon & Schuster,"Monday, October 1, 2001",Price Starting at $4.99
13,9785226390548,The Genesis of Ethics,"By Visotzky, Burton L.",," religion , ethics",Crown,"Sunday, September 1, 1996",Price Starting at $4.99
14,9787429906069,The Good Book: Reading the Bible with Mind and Heart,jane doe; mark lee,"""The Bible and the social and moral consequences that derive from its interpretation are all too important to be left in the hands of the pious or the experts, and too significant to be ignored and trivialized by the uninformed and indifferent."," Religion , Biblical Biography , General",Harper Perennial,"Friday, May 1, 1998",Price Starting at $5.29
15,9788034066995,  All over but the Shoutin'  ,"By Bragg, Rick","A New York Times Notable Book of the YearThis haunting, harrowing, gloriously moving recollection of a life on the American margin is the story of Rick Bragg, who grew up dirt-poor in northeastern Alabama, seemingly destined for either the cotton mills or the penitentiary, and instead became a Pulitzer Prize-winning reporter for The New York Times. It is the story of Bragg's father, a hard-drinking man with a murderous temper and the habit of running out on the people who needed him most.But at the center of this soaring memoir is Bragg's mother, who went eighteen years without a new dress so that her sons could have school clothes and picked other people's cotton so that her children wouldn't have to live on welfare alone. Evoking these lives--and the country that shaped and nourished them--with artistry, honesty, and compassion, Rick Bragg brings home the love and suffering that lie at the heart of every family. The result is unforgettable."," Biography & Autobiography , Personal Memoirs",Vintage,"Tuesday, September 1, 1998",Price Starting at $4.89
16,9781478646945,Oilers and Sweepers and Other Stories,"By Dennison, George",,,Random House,"Monday, January 1, 1979",Price Starting at $5.00
17,9785685821577,Prince William,"By Garner, Valerie",,,Benford Books,"Thursday, January 1, 1998",Free
18,INVALID-ISBN,The Emperor's New Mind,"By Penrose, Roger",," Philosophy , General",Penguin Books,"Tuesday, January 1, 1991",Price Starting at $4.99
19,9786613953285,Touching Fire: Erotic Writings by Women,"By Thornton, Louise, Sturtevant, Jan, and Sumrall, Amber Coverdale (EDT)",,,Carroll & Graf Pub,"Monday, October 1, 1990",Price Starting at $5.29
20,9780531379837,Hill Rat: Blowing the Lid Off Congress,"  By Jackley, John L.  ","As a top aide to powerful Texas Congressman Ronald Coleman, John Jackley watched the nation's highest elected officials lie, manipulate media images, and spend millions of taxpayer dollars to stay in power. The mind-boggling scope of the abuse of perks and privilege by both legislators and their staffers finally shocked him into reality.What began as a secret journal for his children to clear his conscience has become Hill Rat, a journey behind Congress' closed doors and into the corrupt back alleys of power. With both humor and outrage, Jackley reveals how the promise of Congress has been hijacked and corrupted by the current crop of careerist incumbents. ""Today,"" he writes, ""a successful congressman has the fundraising ability of a hooker trying to make cab fare home and the morals of a big-time football coach!""His account is laced with the names of Capitol Hill's most prominent legislators--Majority Leader Richard Gephardt, Speaker of the House Thomas Foley, Ron Dellums, Bill Alexander, Minority Whip Newt Gingrich, Thomas Luken, and scores of others. Jackley also reveals, with names, dates, and examples, the outrageous power of Congressional staffers--""Hill Rats""--who ""run the engines of democracy on a daily basis and pride themselves on their ability to do anything in the name of their cause.""To show the flagrant abuse of taxpayers' money for re-election purposes, Jackley points out that in just forty-eight hours in early 1992, the House mailed more than 58 million newsletters and postcards. In 1990, the first post-Jim Wright, post-congressional scandal election, 96% of the incumbents who ran were reelected. Even in 1988, only six Members running for re-election were defeated, a turnover rate less than that of the Soviet Politburo.From previously untold Congressional involvement in Oliver North's contra re-supply network to Democratic complicity in the S&L crisis to the taxpayer-funded incumbent protection plan, Hill Rat reveals secrets backed by hard evidence that will shake the House and shock the nation."," Political Science , General","Regnery Publishing, Inc.","Wednesday, April 1, 1992",Price Starting at $4.99
21,9781076924292,The Great ABC Treasure Hunt: A Hidden Picture Alphabet Book (Time-Life Early Learning Program),"By Time-Life for Children (Firm) (COR), Singer, Muff, and Hoggan, Pat (ILT)",," JUVENILE NONFICTION , GENERAL",Time Life Education,15/03/2020,Price Starting at $5.29
22,9788829348695,Personality of the Cat,"By Aymar, Brandt (EDT)","A delightful collection of reflections on the feline contains selections from famous artists, writers, poets, and essayists, such as Pablo Picasso, Rudyard Kipling, T. S. Eliot, and others."," Pets , Cats , General",Bonanza Books,"Sunday, January 1, 1978",Price Starting at $5.41
23,9782695168159,Murdering Mr. Monti: A Merry Little Tale of Sex and Violence,"By Viorst, Judith",," fiction , general",Simon & Schuster,"Saturday, January 1, 1994",Price Starting at $5.29
24,9787772640658,In Re Alger Hiss:  Petition for a Writ of Error Coram Nobis,By Edith Tiger,,,Hill & Wang,"Tuesday, May 1, 1979",Price Starting at $10.99
25,9780765817853,Black Holes and Baby Universes and Other Essays,"By Hawking, Stephen W.",," Biography & Autobiography , General",Bantam,"Friday, October 1, 1993",$12.99
26,9783003533652,Relativity: The Special and the General Theory,By Albert Einstein,,,Three Rivers Press,"Tuesday, August 1, 1961",Price Starting at $8.79
27,9780746439678,Betrayal : How the Clinton Administration Undermined American Security,"By Gertz, Bill","Gertz, writer for the Moonie-influenced  Washington Times  newspaper and a reporter  with the highest right-wing credentials (including praise from Rush Limbaugh and G. Gordon Liddy on the jacket) uses declassified documents and unnamed Pentagon sources to recount how President Clinton has weakened the military and made innumerable secret deals with ""enemy"" countries. Annotation c. Book News, Inc., Portland, OR (booknews.com)"," Political Science , General",Regnery Pub,"Saturday, May 1, 1999",Price Starting at $4.99
28,9780118730969,Shadow Song,Unknown_Author_##,"It was a wonderful summer, a great memory, the kind of love everybody ought to have. It changed my life - or almost did - and I think about it more than I should, but that was a long time ago.Amid the breathtaking beauty of the Catskill Mountains, Avrum Feldman listened to the haunting voice of Amelita Galli-Curci ringing over the Shandaken Valley - a voice no one else could hear. When he died at age one hundred six, his obsession for the famous opera diva had lasted three-quarters of a century. Most people considered Avrum crazy, someone preoccupied with romantic nonsense. But Madison Lee ""Bobo"" Murphy was not among them, for he, too, had a love that changed his life, or almost did: Amy Lourie.In the summer of 1955, Bobo was a waiter at the Catskill's Pine Hill Inn; a rural Southerner who had never heard the word meshugge until Avrum - a retired furrier, teacher, and translator from New York City - became his unlikely friend. For Bobo nothing about that summer ever lost its glow: his first taste of kartoffel suppe; the exotic mingling of Yiddish and German in the dining room; the girl he met and loved....In everyone's life, Avrum had instructed, there is one grand, undeniable moment of change that never stops mattering. It came for Bobo in his first meeting with Amy, the most beautiful girl he had ever seen. He was too naive to comprehend the gulf between their worlds, and she was too smitten by him to care. But for a wealthy Jewish girl and a Georgia farm boy, the summer had to end, leaving Bobo to learn the painful lesson of loving someone and believing you cannot be with them.Now, thirty-eight years later, Avrum is gone, leaving a will that beckons Bobo north to the Catskills once more. In the places he'd walked so often on the paths of memory, he embraces the ghosts of old friendships and the haunting hints of Amy's presence, until she unexpectedly appears. Nothing has dimmed the passion of their youth, yet two lifetimes and a thousand Catskills sunsets stand between who they were and who they have become. The strikes against them are different now, but mysteriously, miraculously, as Bobo carries out Avrum's last wishes for a strange Kaddish, he hears the dreams of his youth, of the young man who went forth and became part of a love larger than himself...."," Fiction , General",Atria Books,"Saturday, October 1, 1994",Price Starting at $4.99
29,9787964375863,Undercurrents: A Therapist's Reckoning With Her Own Depression,"By Manning, Martha",," Psychology , General",HarperCollins,March 2019,Price Starting at $5.29
30,9789498288862,The Road Less Traveled and Beyond: Spiritual Growth in an Age of Anxiety,"By Peck, M. Scott",," Psychology , Psychopathology , Anxieties & Phobias",Touchstone,"Thursday, January 1, 1998",Price Starting at $4.99
31,9780692378618,  The Kiss: A Memoir  ,"By Harrison, Kathryn",," Family & Relationships , Love & Romance",Random House,"Saturday, March 1, 1997",Price Starting at $5.29
32,12345,Codebreakers' Victory: How the Allied Cryptogaphers Won World War II,"By Haufler, Hervie","For the first time ever, veteran World War II cryptographer Hervie Haufler details how American and British codebreakers were the decisive factor in the Allied victory. From the Purple Machine to the Navajo Talkers to the breaking of Japan's JN-25 Naval Code to the shadowy world of decoding units like Hut-8 in Bletchley Park, he shows how crucial information-often obtained by surreptitious and violent means-was the decisive edge in the Battle of Britain, at Midway and against the U-Boats in the North Atlantic, and how Allied intelligence saved the Soviet Union from almost certain defeat.  In an accessible account based on years of research, interviews and exclusive access to previously top-secret archives, Haufler demonstrates how cryptography enabled Nimitz and MacArthur to persevere in the Pacific and helped Eisenhower and Patton mount the assaults on Normandy. In compelling detail, Haufler shows us how it was done-as only one who was on the frontlines of the ""secret war"" could tell it."," History , Military , World War II",NAL Trade,"Saturday, November 1, 2003",Price Starting at $5.29
33,9786862537434,"A Manual for Writers of Term Papers, Theses, and Dissertations, Fifth Edition","By Turabian, Kate L.",,,University of Chicago Press,"Thursday, January 1, 1987",Price Starting at $4.99
34,9783471130667,,"By Suskind, Ron",," Political Science , Government , Executive Branch",Simon & Schuster,"Thursday, January 1, 2004",Price Starting at $8.79
35,9780111613634,Best New American Voices 2003,"By Kulka, John (EDT), Danford, Natalie (EDT), and Oates, Joyce Carol (EDT)","Since its launch in 2000, the Best New American Voices series has been acclaimed for the range and originality of its selections, which represent the writers who promise to become the literary stars of tomorrow. The 2003 collection continues the tradition, featuring innovative, powerful stories selected by one of our finest writers of contemporary fiction, Joyce Carol Oates. With pieces culled from more than one hundred prestigious writing programs around the country and Canada, including the Iowa Writers' Workshop and the Sewanee Conference, this volume showcases a remarkable array of talent--and offers the excitement of discovering a new generation of writers.A Harvest Original"," Fiction , Anthologies (multiple authors)",Harvest Books,"Tuesday, October 1, 2002",Price Starting at $5.29
36,9787242106080,Escape from the CIA: How the CIA Won and Lost the Most Important KGB Spy Ever to Defect to the U.S.,"  By Kessler, Ronald  ",," Political Science , General",Pocket Books,"Monday, April 1, 1991",Price Starting at $5.29
37,9786110157209,Meditations: On the Monk Who Dwells in Daily Life,"By Moore, Thomas","Sometimes in their chanting monks will land upon a note and sing it in florid fashion, one syllable of text for fifty notes of chant. Melisma, they call it.Living a melismatic life in imitation of plainchant, we may stop on an experience, a place, a person, or a memory and rhapsodize in imagination. Some like to meditate or contemplate melismatically, while others prefer to draw, build, paint, or dance whatever their eye has fallen upon.Living one point after another, is one form of experience, and it can be emphatically productive. But stopping for melisma gives the soul its reason for being."," Religion , General",HarperCollins,"Tuesday, November 1, 1994",Price Starting at $4.99
38,9781771005494,Links Lore,"By Stevens, Peter F.",," Sports & Recreation , History",POTOMAC BOOKS,"Thursday, June 1, 2000",Price Starting at $5.29
39,9781142157074,Jackie by Josie: A Novel,"By Preston, Caroline","Follows a thirtyish graduate who unexpectedly finds herself helping a celebrity biographer research the life of Jacqueline Kennedy Onassis, and ends up discovering surprising parallels between her own life and that of the queen of Camelot"," Fiction , Literary",Scribner,"Sunday, March 1, 1998",N/A
40,9782310361224,Joshua and the City,"By Girzone, Joseph F.","A contemporary city faces turmoil and devastation until it is visited by the serene figure of Joshua, who presents an alternative, love-based approach to life while addressing such issues as poverty, racism, and AIDS. 150,000 first printing. $150,000 ad/promo."," Religion , Inspirational",Doubleday,"Wednesday, March 1, 1995",Price Starting at $5.29
41,9784293540498,The Book of Courtly Love: The Passionate Code of the Troubadours,,"A treasury of French medieval lore combines the tales of Lancelot and Guinevere, Tristan and Isolde, Troilus and Criseyde, and several songs and poems with sixty accompanying illustrations from classic manuscripts and romantic art.",,HarperCollins,"Tuesday, November 1, 1994",Price Starting at $5.29
42,9787276031310,How Good Do We Have to Be? A New Understanding of Guilt and Forgiveness,"By Kushner, Harold S.","From the author of When Bad Things Happen to Good People comes an inspiring new bestseller that puts human feelings of guilt and inadequacy in perspective - and teaches us how we can learn to accept ourselves and others even when we and they are less than perfect. How Good Do We Have to Be? is for everyone who experiences that sense of guilt and disappointment. Harold Kushner, writing with his customary generosity and wisdom, shows us how human life is too complex for anyone to live it without making mistakes, and why we need not fear the loss of God's love when we are less than perfect. Harold Kushner begins by offering a radically new interpretation of the story of Adam and Eve, which he sees as a tale of Paradise Outgrown rather than Paradise Lost: eating from the Tree of Knowledge was not an act of disobedience, but a brave step forward toward becoming human, complete with the richness of work, sexuality and child-rearing, and a sense of our mortality. Drawing on modern literature, psychology, theology,,and his own thirty years of experience as a congregational rabbi, Harold Kushner reveals how acceptance and forgiveness can change our relationships with the most important people in our lives and help us meet the bold and rewarding challenge of being human."," Religion , Psychology of Religion",Back Bay Books,"Monday, September 1, 1997",Price Starting at $4.99
43,9783250547648,"Eat More, Weigh Less: Dr. Dean Ornish's Life Choice Program for Losing Weight Safely While Eating Abundantly","By Ornish, Dean and Brown, Shirley Elizabeth (EDT)",," Cooking , Health & Healing , Low Fat",William Morrow Paperbacks,2018,Price Starting at $5.29
44,9789557330549,Majorca: Culture and Life,By Konemann Inc. (EDT),," Photography , Subjects & Themes , Regional",Konemann,"Thursday, June 1, 2000",Price Starting at $8.83
45,9783577903226,Written by Herself: Autobiographies of American Women: An Anthology,"By Conway, Jill Ker (EDT)","The bestselling author of The Road from Coorain presents an extraordinarily powerful anthology of the autobiographical writings of 25 women, literary predecessors and contemporaries that include Jane Addams, Zora Neale Hurst, Harriet Jacobs, Ellen Glasgow, Maya Angelou, Sara Josephine Baker, Margaret Mead, Gloria Steinem, and Maxine Hong Kingston."," Biography & Autobiography , Women",Vintage,"Sunday, November 1, 1992",Price Starting at $4.99
46,9780677172576,  The Universe of Galaxies  ,"By Hodge, Paul",,,W H Freeman & Co,"Monday, October 1, 1984",Price Starting at $5.29
47,,Ice Bound: A Doctor's Incredible Battle For Survival at the South Pole,"By Nielsen, Jerri and Vollers, Maryanne",," Biography & Autobiography , Women",Miramax,"Tuesday, January 1, 2002",Price Starting at $4.89
48,9781464767258,Healing Benefits of Garlic,"By Heinerman, John",," Cooking , Specific Ingredients , Herbs, Spices, Condiments",Gramercy,"Saturday, July 1, 1995",Price Starting at $4.99
49,9784423014363,Me and Ted Against the World : The Unauthorized Story of the Founding of CNN,"By Schonfeld, Reese",," Business & Economics , Management",Harperbusiness,"Thursday, February 1, 2001",Price Starting at $4.99
50,9789703758494,Magnet Therapy: The Pain Cure Alternative,"By Lawrence, Ronald Melvin, Plowden, Judith, and Rosch, Paul",," Medical , Holistic Medicine",Prima Pub,"Sunday, March 1, 1998",Price Starting at $5.29
51,9785967510267,Controlling Cholesterol: Dr. Kenneth H. Cooper's Preventative Medicine Program,"By Cooper, Kenneth H.",," Health & Fitness , Diet & Nutrition , Food Content Guides",Bantam,"Wednesday, February 1, 1989",£9.99
52,9780147247018,George Meany And His Times: A Biography,"By Robinson, Archie",Draws on interviews and unpublished documents to re-create the life and times of the outspoken and influential labor leader and the drama of the labor movement in which he played a central role," Biography & Autobiography , General",Simon & Schuster,"Friday, January 1, 1982",Price Starting at $4.99
53,9782152773407,American Dreams: Lost & Found,"By Terkel, Studs","A cross-section of Americans--from an embittered Miss America to Arnold Schwarzenegger, from Jesse Helms to a KKK member, from businessmen and Brahmins to activists and immigrants--speak of their hopes, expectations, and disappointments",,Pantheon,"Friday, August 1, 1980",Price Starting at $10.99
54,9785553569518,Sharing the Pie : A Citizen's Guide to Wealth and Power,"By Brodner, Steve (ILT) and Brouwer, Steve",," Business & Economics , Economic Conditions",Holt Paperbacks,"Friday, May 1, 1998",Price Starting at $5.29
55,9781809832573,"Love, Love, and Love","By Bernhard, Sandra","Even if you know Sandra Bernhard as an actress, singer, comedian, and performer, you're in for quite a shock with this, her second book. A mix of memoir, fiction, invented memoir, and fiction that rings with the truth, Love Love and Love charts the state of romance, sex, and relationships - the need to love and be loved - in several cities, and several sexes, around the world. The same biting wit, fragile irony, and arresting candor of Sandra's performances are all here, but Love Love and Love is also filled with an intimacy and an insight that are all new... and all Bernhard.Here are the stories of a relationship built on the weapon of romance; of an elusive girl, and the various drugs she gives and takes; of dreams and daydreams that melt into truth; of the touch of a lover's skin at the break of dawn; and of all the pain and cruelty that go along so well with the ecstasy we all want to possess. This is a book about relationships born of chance meetings on the street at night; about sexual obsessions, frayed emotions, and haunting memories of both the quick and the dead. Love Love and Love is by turns shocking and exhilarating, angry and passionate, analytical and sexy; it's all about that strange state of being that merges sensations only of the moment with an emotion that has existed since the birth of humankind.As Sandra herself notes: ""Love is the only shocking act left on the face of the earth.""",,HarperCollins,"Sunday, August 1, 1993",Price Starting at $5.29
56,9781159367664,Conflicting Accounts: The Creation and Crash of the Saatchi and Saatchi Advertising Empire,N/A,"On December 16, 1994, a bloodletting took place in the stylish sixth-floor boardroom at Saatchi & Saatchi Company PLC, once the world's largest advertising agency holding company. Maurice Saatchi, the 48 year-old chairman who co-founded the company in 1970 with his older brother Charles, was fired by the board of directors under threat by the firm's largest shareholders. Less than a month later, Maurice started a rival ad agency and quickly snapped up former Saatchi & Saatchi clients, most importantly British Airways. Kevin Goldman, the former daily advertising columnist for the Wall Street Journal, spoke to everyone connected with this headline-making saga -- including Maurice Saatchi and his reclusive brother Charles -- and witnessed important business meetings, including Maurice Saatchi's winning pitch to British Airways. Goldman traces every step the Saatchi brothers took, from their youth as Iraqi Jewish immigrants in North London to their business merger in 1970, when, with little more than sheer audacity, the opened an ad agency with a full-page announcement ad in the London Sunday Times. Through bold and brash actions, the agency began an acquisitions binge, taking over many of the ad industry's giants -- including Ted Bates, Backer & Spielvogel, Dancer Fitzgerald Sample, and Garland-Compton -- to become the number one ad company in the world. But, once they acquired a company, the brothers lost interest, often refusing to meet with its executives again. This disdain would come back to haunt them. Also chronicled is the brothers' rich lifestyle, which critics claim was funded by the company. This tale features a rich cast of supporting players: Jeremy Sinclair, a creative advertising genius who was fiercely loyal to the brothers, was one of the executives who resigned after Maurice was fired. Bill Muirhead, another loyalist, was responsible for keeping clients happy. Robert Louis-Dreyfus, a globe-trotting native of France, was brought in by the Saatchis in 1989 when the company was teetering on the edge of bankruptcy. Louis-Dreyfus brought in Charles Scott, a self-described numbers cruncher uncomfortable with the glitzy world of advertising, to help sort out the company's complex finances. And leading the anti-Maurice movement was David Herro, a thirty-three-year-old American money manager whose group owned approximately 10 percent of Saatchi stock. Built into the Saatchi story is the bigger picture of the dramatic changes in advertising in the 1980s, such as the merger mania and ad agency consolidations that swept Madison Avenue, including the British takeover of major agencies. The story of the decline and crash of Saatchi & Saatchi is a universal tale of corporate greed and ineffective management. It is the story of an ugly, publicly fought civil war in an industry that is supposed to know the steep price paid for an image run amok."," Business & Economics , Advertising & Promotion",Touchstone,"Thursday, January 1, 1998",Price Starting at $5.29
57,9781253579390,What Went Wrong at Enron: Everyone's Guide to the Largest Bankruptcy in U.S. History,"By Fusaro, Peter C. and Miller, Ross M.",," Business & Economics , Finance , General",Wiley,"Saturday, June 1, 2002",Price Starting at $5.29
58,9788826533964,"The Addictive Organization: Why We Overwork, Cover Up, Pick Up the Pieces, Please the Boss, and Perpetuate S","By Schaef, Anne Wilson and Fassel, Diane",," Psychology , General",HarperOne,"Monday, October 1, 1990",Price Starting at $4.99
59,9784923187239,From the Silent Earth: A Report on the Greek Bronze Age,By Joseph Alsop,,,Harper & Row,"Wednesday, January 1, 1964",Price Starting at $6.22
60,9780191390647,Panic Disorder and Its Treatment (Medical Psychiatry Series),"By Pollack, Mark H. (EDT) and Rosenbaum, J. F. (EDT)","Practical in approach and up to date in content, Panic Disorder and Its Treatment provides a clear and clinically relevant summary of the current knowledge on this challenging illness, covering symptoms, care, cost, comorbidities, and quality of life. Contains algorithms and tables offering at-a-glance drug treatment options and an appendix with measures for assessing symptom severity and therapeutic response! Written by leading authorities on the etiology, course, and management of this condition, Panic Disorder and Its Treatmentpromotes improved recognition of symptoms in pychiatric and nonpsychiatric settings, including the primary care physician's office or the emergency room reviews evidence from numerous sources on the prognosis of panic disorder, emphasizing the potential for chronicity and recurrence examines the latest advances implicating neurochemical, neurophysiological, and functional neuroanatomical abnormalities in the pathogenesis of panic disorder analyzes risk factors for the illness, including genetics, temperment, developmental experiences, and life events explores available pharmacotherapies for panic disorders, including selective serotonin-reuptake inhibitors investigates panic attacks and panic disorder from a cognitive-behavioral perspective, detailing specific therapies targeted to control physical sensations presents clinical strategies for treatment-refractory patients, assuring optimal diagnostic and therapeutic efforts for nonresponders and more! Panic Disorder and Its Treatment serves as insightful reading for psychiatrists and behavioral scientists, clinical psychopharmacologists, neuropsychiatrists, clinical psychologists, clinical social workers, and medical students, residents, and fellows in these disciplines. It is also useful for primary care physicians, including internists, family doctors, and generalists, as well as emergency room staff, who are often the first health care professionals to evaluate the patient."," Psychology , Psychopathology , General",Informa Healthcare,"Friday, May 1, 1998",Price Starting at $5.41
61,9783300221924,Henry VIII (English Monarchs Series),"By Scarisbrick, J. J.","This detailed biography concentrates on the domestic life of the monarch, foreign affairs in which he was involved and his influence on religion. Bibliogs"," Biography & Autobiography , Military",University of California Press,,Price Starting at $5.47
62,9788552658108,The Moral Intelligence of Children,"By Coles, Robert","The award-winning author of The Spiritual Life of Children shares his thoughts on how to teach morality to children, defining moral intelligence and explaining how to foster a child's conscience and spiritual growth. 75,000 first printing. Tour."," Psychology , General",Random House,"Wednesday, January 1, 1997",Price Starting at $5.29
63,978-0-306-40615-7,"Concordance to the New English Bible, New Testament,","By Elder, E",,,Zondervan Pub. House,"Friday, January 1, 1965",Price Starting at $10.99
64,9783286899391,Life at the Edge: Readings from Scientific American Magazine,"By Gould, James L. and Gould, Carol Grant (EDT)","Readings from  Scientific American  on life in extreme environments. Annotation copyright Book News, Inc. Portland, Or.",,W H Freeman & Co,"Saturday, April 1, 1989",Price Starting at $4.99
65,9783905837124,Cook Healthy: Cook Quick,"By Wesler, Cathy A.",," Cooking , Health & Healing , Low Fat",UNKNO,"Sunday, January 1, 1995",Price Starting at $5.18
66,9781539127925,Images Of War: The Artist's Vision of World War II,"By McCormick, Ken",,,Orion Books,"Monday, October 1, 1990",Price Starting at $10.02
67,9787879688485,Becoming Soul Mates: Cultivating Spiritual Intimacy in the Early Years of Marriage,"By Parrott, Les","Every couple has a restless aching, not just to know God individually but to experience God together. But how? How do you really allow God to fill the soul of your marriage? Becoming Soul Mates gives you a road map for cultivating rich spiritual intimacy in your relationship. Written by the creators of the dynamic Saving Your Marriage Before It Starts book and program, becoming Soul Mates is a unique and insightful devotional that helps you dig deep for a strong spiritual foundation in your marriage. Fifty-two practical weekly devotions help you and your partner cross the hurdles of marriage to grow closer than you&apos;ve ever imagined. In each session, you&apos;ll find: - An insightful devotion that focuses on marriage-related topics - A key passage of Scripture - Questions that will spark discussions on crucial issues - Insights from real-life soul mates like Pat and Shirley Boone, Bill and Vonette Bright, Norm and Joyce Wright, and John and Barbi Townsend - Questions that will help you and your partner better understand each other&apos;s unique needs and remember them in prayer during the week - A brief prayer that will help you both draw closer together and close to God. Becoming Soul Mates is a valuable resource for mining the rich potential of your marriage. Its principles, proven in the Parrotts&apos; own relationship, will help you make your journey as a couple all God intends it to be. With the strength that comes from a deeply shared spiritual intimacy, your marriage can flourish in the midst of life&apos;s challenges. Start building on the closeness you&apos;ve got today -- and reap the rewards of a deeper, more satisfying relationship in the years ahead."," Family & Relationships , Reference",Zondervan,"Sunday, October 1, 1995",Price Starting at $5.29
68,9780462485775,Care of the Soul : A Guide for Cultivating Depth and Sacredness in Everyday Life,"By Moore, Thomas","A therapist draws on the world's religions, music, art, and his own experiences with patients to examine the connections between spirituality and the problems of individuals and society. Reprint. 150,000 first printing. $200,000 ad/promo."," Self-help , General",HarperPerennial,"Saturday, January 1, 1994",Price Starting at $4.99
69,9786736857804,Victims of Progress,"By Bodley, John H.",,,Cummings Pub.Co.,"Monday, September 1, 1975",Price Starting at $4.99
70,9785298711821,Inside the Tornado: Marketing Strategies from Silicon Valley's Cutting Edge,"By Moore, Geoffrey A.","""The chasm is where high-tech fortunes are lost... the tornado is where they are made.""-- Steve Jobs, Founder & CEO, Next Computer, Inc.    Now, in this fascinating sequel, Moore shows how to capitalize on the profit-rich niches and hyper-growth markets beyond the chasm. Continuing to chart the impact of the Technology Adoption Life Cycle, he explores its effects not just on marketing but on overall business planning, especially strategic partnerships, competitive advantage, positioning and organizational leadership. Moore's most startling lesson is: ""As markets move from stage to stage in the Life Cycle, the winning strategy does not just change -- it actually reverses the prior strategy. The very skills that you've just perfected become your biggest liabilities; and if you can't put them aside to acquire new ones, then you're in for tough times."" As challenging as this lesson is to apply, Moore leads the way. Using actual examples of cutting-edge firms, he applies the Life Cycle model to all aspects of managing a market-focused business strategy, including how to manage people effectively through each phase of the cycle. There are significant management implications: Chasm-crossers who love the customer intimacy of niches may rebel against the depersonalizing power of the tornado; tornado managers who relish the gales of hyper-growth may resist the inevitable return to the niche, in the guise of mass customization, once the rush to the new paradigm subsides. All industries relying on technology -- not just computer hardware, software and telecommunications, but entertainment, publishing, broadcasting, banking, insurance, health care, aerospace, defense, utilities, pharmaceuticals and retail -- must master Moore's lessons to see the year 2000. If you are marketing technology-based products or managing the people who do, then you will find yourself Inside the Tornado."," Business & Economics , Marketing , General",Harper Business,"Sunday, October 1, 1995",Price Starting at $5.29
71,9785170523610,Sunset at Rosalie: A Novel,"By McLaughlin, Ann L.",Tells the story of a young girl and her family's country life in Mississippi during the years prior to World War I," Fiction , General",Daniel & Daniel Pub,"Saturday, June 1, 1996",Price Starting at $5.00
72,9781778090714,"The Girlfriends' Guide to Surviving the First Year of Motherhood, Packaging May Vary","By Iovine, Vicki","When it comes to your new baby, everyone from Dr. Spock to Dr. Brazleton has an armful of advice. But no one's delivering any tips on how you can care for yourself. Now, four-time delivery room veteran Vicki Iovine answers your questions, calms your fears, and cracks you up as only a girlfriend can, with straight advice and hilarious observations on... ""Baby euphoria"": Is it a mind-altering drug?""Husband? What Husband?"": Taking care of the big baby, as well as the little baby""I Want My Old Body Back!"": What you can fix and what you can't""The Droning Phenomenon"": The inability to discuss anything but your baby for more than thirty seconds""Do I Have to Become Carol Brady?"": Conquering your fear of being a less-than-perfect mother""Competitive Mothering"": Coping with know-it-alls, finger-pointers, and others who try to ""Out-Mom"" youNOTE: Pausing to read this book may be the only selfish thing you do all year, since you'll have time for nothing else!"," Family & Relationships , Parenting , Motherhood",TarcherPerigee,"Wednesday, October 1, 1997",Price Starting at $4.99
73,9787609643173,"Sherlock Holmes and the Red Demon by John H. Watson, M.D.","By Watson, John H. and Millett, Larry (EDT)","It is the story of how the world's most beloved private detective, Sherlock Holmes, and Watson traveled to Minnesota in 1894 to find and stop a murderous arsonist, known only as the Red Demon, who is threatening both Hill and his Great Northern Railway. Homes's pursuit of this malignant and cunning villain presents the great man ""with the most remarkable case of his celebrated career.""In Minnesota, Holmes comes face-to-face with all manner of frontier characters, including two-fisted railroad men, rough-and-tumble lumberjacks, a one-eyed teamster, and an unsavory town marshal. But he also encounters the proprietress of the North Woods' most opulent sporting house, Mary Robinson, a woman as clever as she is beautiful. In response to a churlish remark from Dr. Watson about the morality of her establishment, she replies: ""Morality is a matter of power, nothing more and nothing less. The rich impose it on the poor, men impose it on women, and the forces of reaction impose it upon those who seek a better world.""Needless to say, Holmes becomes especially attentive to this suspect's articulate charm. But charm gives way to terror in the exciting climax of the tale, a chase on the rails that ends with Holmes and the Red Demon squared off on a lonely bridge in a fiery circle of death. ""Never,"" says Watson, ""was Holmes more magnificent than at that moment."""," Fiction , Mystery & Detective , General",Viking,"Sunday, September 1, 1996",Price Starting at $4.99
74,9785059189074,"New Lands, New Men","By Goetzmann, William H.",Examines the adventures of the explorers during the seventeenth through the nineteenth centuries and shows how the impetus to explore transcended national interests and imperialist ambitions," Biography & Autobiography , Adventurers & Explorers",Viking Adult,"Wednesday, October 1, 1986",Price Starting at $10.99
75,9786520217913,Reinventing Government: How the Entrepreneurial Spirit is Transforming the Public Sector (Plume),"By Osborne, David and Gaebler, Ted",Describes how decentralization and entrepreneurship can revitalize government and outlines ten principles guiding an entrepreneurial public organization," Political Science , American Government , General",Plume,"Monday, February 1, 1993",Price Starting at $4.99
76,9786165172868,Proverbs For The People,"By Price-Thompson, Tracy (EDT) and Stovall, Taressa (EDT)","Featuring contributions from such noted writers as Pearl Cleage, Omar Tyree, Timmothy McCann, and Earl Sewell, a dramatically rendered anthology of stories, drawn from African, African-American, and Biblical proverbs, is filled with an abundance of wit, inspiration, and wisdom."," Fiction , Anthologies (multiple authors)",Kensington,"Sunday, June 1, 2003",Price Starting at $5.88
77,9785207940786,Great American Countryside,"By Landi, Val",," Travel , United States , General",Scribner,"Thursday, July 1, 1982",Price Starting at $10.99
78,9780355735697,Rob Whitlock: A Pioneer Boy in Old Ohio,"By Jackson, Kathryn",,,Simon and Schuster,"Monday, January 1, 1951",Price Starting at $12.51
79,9781276404716,British Hospitals (Britain in Pictures),By A. G. L. Ives,,,London : Collins,"Thursday, January 1, 1948",Price Starting at $18.00
80,9788702992793,An essay on morals,"By Wylie, Philip",,,"Rinehart & Company, Inc","Wednesday, January 1, 1947",Price Starting at $4.99
81,9787841263658,"Kid, You Sing My Songs of Love, and Loss, and Hope","By Wyse, Lois and Rogers, Lilla (ILT)",," Humor , Form , Limericks & Verse",Crown,"Friday, February 1, 1991",Price Starting at $5.29
82,9787489193751,Re-Inventing the Corporation: Transforming Your Job and Your Company for the New Information Society,"By Naisbitt, John and Aburdene, Patricia",Describes how the new information society is altering the nature of the workplace and how some corporations are responding," Business & Economics , General",Little Brown & Co,"Sunday, September 1, 1985",Price Starting at $5.29
83,9783880744011,A Sister Is Forever: A Blue Mountain Arts Collection for One of the Most Beautiful People You'll Ever Know,"By Morris, Gary (EDT) and Blue Mountain Arts Collection (COR)",," Family & Relationships , Siblings",Blue Mountain Arts,"Sunday, September 1, 2002",Price Starting at $4.99
84,9783475532375,The Practical Stylist,"By Baker, Sheridan Warner",,,Crowell,"Monday, January 1, 1973",Price Starting at $4.99
85,9780667383180,The Periodic Kingdom: A Journey Into The Land Of The Chemical Elements (Science Masters Series),"By Atkins, P. W.",," Science , Applied Sciences",Basic Books,"Saturday, July 1, 1995",Price Starting at $4.99
86,9789849115212,Titanic,"By Kirkland, Douglas, Marsh, Ed W., and Kirkland, Douglas (PHT)",," Performing Arts , Film , General",Harper Paperbacks,"Wednesday, October 1, 1997",Price Starting at $8.79
87,9789657259344,A Woman of Egypt,"By Sadat, Jehan",," Biography & Autobiography , Presidents & Heads of State",Simon & Schuster,"Saturday, August 1, 1987",Price Starting at $8.79
88,9783046353095,Civilization III: Instruction Manual,"By Meier, Sid",,,Infogames Interactive,"Monday, January 1, 2001",Price Starting at $4.99
89,9788875625450,"Alcatraz '46;: The anatomy of a classic prison tragedy,","By Don DeNevi, Philip Bergen",,,Leswing Press,"Tuesday, January 1, 1974",Price Starting at $5.29
90,9785789675205,Elvis in the Morning,"By Buckley, William F.","This is a novel about friendship, a novel that spans the decades that changed America forever. Orson is a young boy whose mother works at a U.S. Army base in Germany in the 1950s. There, he becomes a fan of a G.I. stationed at the base, one Elvis Presley, whose music is played over and over on the radio. When Orson is caught stealing recordings of Elvis's tunes from the PX, the attendant publicity catches the star's attention, and he comes to visit his young fan. Thus begins a lifelong friendship. As Elvis's career rockets ever higher and his behavior becomes ever more erratic, the two share many adventures. The sixties explode, and Elvis becomes the icon of the nation, while Orson, a college demonstrator, drifts away from regular life while looking for something of substance to believe in. Each man is an emblem of his time, as social conventions crumble, barriers fall, and the cultural landscape changes forever.A panorama of change and dissent, of the ability of friends to stay true despite distance and time, Elvis in the Morning portrays a nation in change and the effects of celebrity on innocence."," Fiction , Fantasy , Historical",Harvest Books,"Saturday, June 1, 2002",Price Starting at $5.29
91,9787265319177,"Fat Free, Flavor Full: Dr. Gabe Mirkin's Guide to Losing Weight and Living Longer","By Mirkin, Gabe and Rich, Diana","A collection of 250 appetizing, meatless recipes provides a plan that lowers cholesterol and reduces the risk of heart disease, cancer, and diabetes by cutting down on fat intake without compromising on taste and variety. 35,000 first printing. Tour."," Health & Fitness , Diet & Nutrition , Diets",Little Brown & Co,"Sunday, January 1, 1995",Price Starting at $4.99
92,9785040599394,White Gold Wielder - Book Three of The Second Chronicles of Thomas Covenant,"By Donaldson, Stephen R.",," Fiction , Fantasy , General",Del Rey,"Tuesday, March 1, 1983",Price Starting at $4.99
93,9789874324948,From Image to Likeness: A Jungian Path in the Gospel Journey,"By Grant, W. Harold, Thompson, Magdala, and Clarke, Thomas E.",," Psychology , Movements , Jungian",Paulist Press,"Saturday, January 1, 1983",Price Starting at $4.99
94,9785965270798,ON THE WING: The Life of Birds: From Feathers to Flight,"By Brooks, Bruce",Takes a close-up look at the remarkable physiology and behavior of birds," Science , General",Scribner,"Friday, September 1, 1989",Price Starting at $19.25
95,9788857075860,Bringing Down the House: The Inside Story of Six M.I.T. Students Who Took Vegas for Millions,"By Mezrich, Ben","The #1 national bestseller, now a major motion picture, 21—the amazing inside story about a gambling ring of M.I.T. students who beat the system in Vegas—and lived to tell how.Robin Hood meets the Rat Pack when the best and the brightest of M.I.T.’s math students and engineers take up blackjack under the guidance of an eccentric mastermind. Their small blackjack club develops from an experiment in counting cards on M.I.T.’s campus into a ring of card savants with a system for playing large and winning big. In less than two years they take some of the world’s most sophisticated casinos for more than three million dollars. But their success also brings with it the formidable ire of casino owners and launches them into the seedy underworld of corporate Vegas with its private investigators and other violent heavies."," Games & Activities , Gambling , Table",Atria,"Monday, September 1, 2003",Price Starting at $4.99
96,9783313969288,Future Space: Beyond Earth,"By Quigley, Sebastian (ILT) and Jefferis, David",,,Tangerine Pr,"Friday, June 1, 2001",Price Starting at $5.29
97,9786167814407,"The young Jefferson, 1743-1789,","By Bowers, Claude Gernade",,,Houghton Mifflin Company,"Monday, January 1, 1945",Price Starting at $5.29
98,9788106978959,"Mayo Clinic On Hearing: Strategies for Managing Hearing Loss, Dizziness and Other Ear Problems (""MAYO CLINIC ON"" SERIES)","By Olsen, Wayne, Ph.D. (EDT)",," Health & Fitness , Hearing & Speech",Kensington Pub Corp,"Wednesday, October 1, 2003",Price Starting at $5.29
99,9782484988630,"Trust Me, Mom-Everyone Else Is Going!: The New Rules for Mothering Adolescent Girls","By Cohen-Sandler, Roni, Ph.D.","From ""queen bees"" to ""gamma girls"" to the ""odd girl out,"" adolescent girls are all over the news. But whether a girl is popular or struggling to fit in, outgoing or reserved, her mother worries about how she is coping with her new, often scary, teenage social world: Who is she with, what is she really doing, is she safe and, of course, is she happy? In this essential survival guide, Roni Cohen-Sandler teaches parents to ""use their BRAIN""—Be flexible, Respectful, Attuned, Involved, and Non-controlling—to build trust and help their daughters navigate these complex social waters. Addressing such issues as popularity, boyfriends, parties and partying, discipline, privacy, body image, and identity, Cohen-Sandler provides a new model for parenting adolescent daughters for today's generation of mothers."," Family & Relationships , Parenting , General",Penguin Books,"Saturday, February 1, 2003",Price Starting at $4.99
100,9786332771085,I Hate School: How to Hang in and When to Drop Out,"By Wirths, Claudine G. and Bowman-Kruhm, Mary",," Young Adult Nonfiction , General",Trophy Pr,"Monday, September 1, 1986",Price Starting at $5.29
101,9780382062834,The Quotable Ronald Reagan,"By Reagan, Ronald and Hannaford, Peter","The Quotable Ronald Reagan presents the best of the Great Communicator, with hundreds of quotations from his public life. Following Reagan from his October 1964 nationally televised speech on behalf of Barry Goldwater's presidential candidacy to his valedictory letter of November 1994, telling the country that he had been diagnosed with Alzheimer's disease, The Quotable Ronald Reagan is the essential collection of this speaker's words."," Reference , Quotations","Regnery Publishing, Inc.","Friday, January 1, 1999",Price Starting at $5.44
102,9785653222825,"Rooster crows for day,","By Burman, Ben Lucien",,,"E.P. Dutton & company, inc","Monday, January 1, 1945",Price Starting at $21.95
103,9785298662345,Leadership Is an Art,"By De Pree, Max","Explores leadership as an art that must be felt, experienced, and created and discusses how to apply leadership abilities and a sense of integrity to business management situations"," Business & Economics , General",Dell,"Wednesday, August 1, 1990",Price Starting at $4.99
104,9786772312268,What's Going On?: Personal Essays,"By McCall, Nathan",," Social Science , Ethnic Studies , African American Studies",Random House,"Monday, September 1, 1997",Price Starting at $5.29
105,9784451451642,Dark Fields of the Republic: Poems 1991-1995,"By Rich, Adrienne Cecile","A theater of voices of men and women, the dead and the living, over time and across continents, the poems of Dark Fields of the Republic take conversations, imaginary and real, actions taken for better or worse, out of histories and songs to extend the poet's reach of witness and power of connection--and then invites the reader to participate."," Poetry , American , General",W. W. Norton & Company,"Friday, September 1, 1995",Price Starting at $5.29
106,9780148102385,Creating an Inclusive School,"By Villa, Richard A. (EDT) and Thousand, Jacqueline S. (EDT)","Provides information the history, legal aspects, rationales, and facilitation of inclusive education."," Education , Special Education , General",Assn for Supervision & Curriculum,"Wednesday, November 1, 1995",Price Starting at $5.29
107,9787650739030,Edit Yourself : A manual for everyone who works with words,"By Ross-Larson, Bruce","This handbook explains how to correct, tighten, clarify, and punctuate prose and includes an alphabetical listing of 1,500 recommendations for commonly occurring editorial cuts, changes, and comparisons",,Norton*(ww Norton Co,"Tuesday, October 1, 1985",Price Starting at $5.29
108,9782658261057,Standing for Something: 10 Neglected Virtues That Will Heal Our Hearts and Homes,"By Hinckley, Gordon B. and Wallace, Mike (FRW)",," Religion , Christianity , Church of Jesus Christ of Latter-day Saints (Mormon)",Crown,"Tuesday, February 1, 2000",Price Starting at $4.99
109,9783847925149,North Carolina Ghosts and Legends,"By Roberts, Nancy","This collection of tales was originally published as An Illustrated Guide to Ghosts and Mysterious Occurences in the Old North State. To her group of classic stories, Mrs. Roberts has added three new tales about the Carolina coastal areas. The mountains, Piedmont, eastern Carolina, and the Outer Banks all provide settings for the unique and haunting accounts found in this book. Six of the stories take place in the Outer Banks—a particularly inspiring location, and the perfect place to meet the ghost on Blackbeard's last voyage."," Social Science , Folklore & Mythology",University of South Carolina Press,"Thursday, August 1, 1991",Price Starting at $5.29
110,9786171980914,Balkan Odyssey a personal account of the international peace efforts following the breakup of the former Yugoslavia,"By Owen, David","Balkan Odyssey is David Owen's personal chronicle of the struggle to bring an end to the wars in the former Yugoslavia, wars marked by brutal campaigns of ethnic cleansing, war crimes, ultranationalism, religious bigotry, and racism. It offers a rare, unvarnished look inside the realm of international diplomacy. Owen describes the consequences of the Clinton Administration's opposition to the Vance-Owen peace plan. He recounts how other peace settlements were hindered by divisions between the United States, Europe, and Russia as well as the United Nations and NATO, and by the bad faith of warring leaders who believed they had more to gain through war than peace. Owen also gives an account of the NATO assault on Bosnian Serb positions and the latest attempts at reaching a settlement.Written with candor and reason, Balkan Odyssey is a day-to-day account of the traps and tangles of diplomacy and the enduring dangers of policy that is dictated by rhetoric instead of reality. It is an essential work for understanding the gravest threat to world peace since the height of the Cold War.",,Harcourt,"Friday, March 1, 1996",Price Starting at $5.12
111,9787391064965,Straight Talk about Death for Teenagers: How to Cope with Losing Someone You Love,"By Grollman, Earl A.","Addresses issues of death particularly affecting teenagers, such as normal reactions to the shock of death, how grief can alter relationships, how to work through grief, and more. By the author of Living When a Loved One Has Died. Simultaneous."," Young Adult Nonfiction , Social Topics , Death & Dying",Beacon Press,"Thursday, April 1, 1993",Price Starting at $8.79
112,9783352571824,Understanding Thomas Jefferson,"By Halliday, E. M.","Recent biographies of Thomas Jefferson have stressed the sphinxlike puzzles of his character—famous champion of freedom yet lifelong slaveholder, foe of miscegenation yet secret lover of a beautiful slave for 30 years, aristocrat yet fervent advocate of government by the people. E. M. Halliday's absorbing and lucid portrait recognizes these and other puzzles about this great founder, but shows us how understandable they can be in light of his personal and social circumstances. Halliday takes readers deep into Jefferson's private life—exploring his childhood, his literary taste, and his unconventional religious thinking and moral philosophy. Here, too, are his adamant opinions on women, the evolution of his ideas on democracy and freedom of expression, and fresh insights into his relationship with Sally Hemings."," Biography & Autobiography , Presidents & Heads of State",Harper Perennial,"Friday, February 1, 2002",Price Starting at $4.99
113,9784148061956,"Hey Mom! I'm Hungry!: Great-Tasting, Low-Fat, Easy Recipes to Feed Your Family","By Powter, Susan","Susan Powter answers ""What's for breakfast? What's for dinner? What's for lunch? What can I snack on?"" with 100 of the best tasting, high-volume, low-fat recipes ever!Something sweet. Something chewy. Something for those nights when you didn't get to the grocery store or it's dinnertime and you don't have a clue what to cook. These recipes have all been tested by moms and kids for the whole family. They're all low-fat, quick, easy, and taste soooooooo good. Everything you need is right here - healthy, hearty, great recipes so you'll always have an answer when the kids say, ""Hey, Mom! I'm hungry!"""," Cooking , Health & Healing , Low Fat",Atria Books,"Wednesday, January 1, 1997",Price Starting at $5.29
114,9780031102195,"Changes in the Land: Indians, Colonists and the Ecology of New England","By Cronon, William",," Science , Life Sciences , Ecology",Hill and Wang,"Friday, July 1, 1983",Price Starting at $4.99
115,9788477998600,An East Wind Coming,By Arthur Byron Cover,,,Berkley,"Thursday, November 1, 1979",Price Starting at $5.29
116,9784500364909,Going the Other Way: Lessons from a Life In and Out of Major League Baseball,"By Bean, Billy and Bull, Chris","Last spring Billy Bean, the only living openly gay former major leaguer, gained national attention with his breakthrough memoir, Going the Other Way?an unprecedented chronicle of America’s national pastime that went on to sell more than 25,000 copies. Bean brings us inside the clubhouse and onto the playing field, offering dead-on insight into the game and the physical and emotional demands it makes on players. Bean faced an agonizing choice, in secrecy and solitude, between continuing to play the game he loved and the honesty of a loving relationship. By turns heartbreaking and farcical, ruminative and uncensored, the book culminates in a respectful, deeply felt appeal to Major League Baseball and other professional team sports to live up to their promise of equality and opportunity. A testament to the power of the single voice, Going the Other Way is an exemplary American tale that points the way toward a more perfect game, one in which all men and women can pursue their athletic dreams free of prejudice and discrimination. An eight-page photo insert is featured in this New York Times bestseller."," Sports & Recreation , Baseball , Essays & Writings",Da Capo Press,"Monday, March 1, 2004",Price Starting at $4.99
117,9789648012828,Consider Your Options: Get the Most from Your Equity Compensation,"By Thomas, Kaye A.",," Business & Economics , Personal Finance , General",Fairmark Press,"Saturday, January 1, 2000",Price Starting at $5.29
118,9787804565973,Molecular Cell Biology,"By Lodish, Harvey F., Baltimore, David, and Berk, Arnold (CON)",," Science , Life Sciences , Biology",W H Freeman & Co (Sd),"Wednesday, March 1, 1995",Price Starting at $11.44
119,9783980281980,Majendie's Cat,"By Fowlkes, Frank V.","Felix Bonham-Carter, a fugitive millionaire swindler, escapes to Hong Kong--his pursuers believing him dead--but the shadowy figure, Majendie, knows who he is, and Felix becomes entangled in a plot to deflate the dollar and disrupt the world economy",,Harcourt,"Thursday, May 1, 1986",Price Starting at $5.29
120,9780890401750,First Things First,"By Covey, Stephen R., Merrill, A. Roger, and Merrill, Rebecca R.",," Psychology , General",Simon & Schuster,"Saturday, January 1, 1994",Price Starting at $5.58
121,9789170029493,Best Friends: The True Story of the World's Most Beloved Animal Sanctuary,"By Glen, Samantha and Moore, Mary Tyler (INT)","""Sinjin the badly burned black cat.  .  .who survived to welcome others home Victor the abandoned Australian Shepherd mix.  .  . the capo among dogs Tyson and Tommy, two tiny black kittens.  .  .who had something to teach us allDiscover Best Friends A Place Where Every Animal Is Safe.  .  .Loved.  .  .And Never, Ever KilledIn the summer of 1982, a group of young men and women pooled every penny they had and bought 3,000 acres of high desert called Angel Canyon, Utah.  It was to become the most famous ""no--kill"" animal sanctuary in the world.  .  .a haven for over 2000 furry and feathered friends including stiff--legged Benton who is ""chairpurrson"" of the TLC club.  .  .the infamous Goatie, comforter of horses.  .  .Baa Baa Ram Das, the sheep who teaches lessons.  .  .and Amra, the gigantic Malamute who is sheriff of Dogtown backed up by his deputy Rhonda, the tiny terrier who took one look at him and fell in love."," Nature , Animals , General",Kensington Books,"Thursday, February 1, 2001",Price Starting at $4.89
122,9789939049151,"Prudens futuri: The US Army War College, 1901-1967","By Pappas, George S.",,,Alumni Association of the US Army War College,"Sunday, January 1, 1967",Price Starting at $6.24
123,9787904599922,Joshua: A Parable for Today,"By Girzone, Joseph F.",An allegorica tale about a quiet and unassuming young man whose powerful presence changes the lives of his small town neighbors,,MacMillan Publishing Company.,"Tuesday, September 1, 1987",Price Starting at $5.29
124,9784488080747,Things Not Seen and Other Stories,"By Williams, Lynna",," Fiction , General",Little Brown & Co,"Friday, May 1, 1992",Price Starting at $5.29
125,9780586211311,Putting the One Minute Manager to Work: How to Turn the 3 Secrets into Skills,"By Blanchard, Kenneth H. and Lorber, Robert",,,Jossey-Bass Inc Pub,"Wednesday, February 1, 1984",Price Starting at $5.29
126,9782579169937,The Spiritual Life of Children,"By Coles, Robert","In this eighth and final volume in his Pulitzer Prize­winning Children of Crisis series, Coles examines the religious and spiritual lives of children. By using children's own words and pictures, Coles presents their deepest feelings."," Psychology , Developmental , Child",HarperOne,"Tuesday, October 1, 1991",Price Starting at $4.99
127,9784130449700,Constancia and Other Stories for Virgins,"By Fuentes, Carlos and Christensen, Thomas (TRN)","Renowned as a novelist of unsurpassed invention, Carlos Fuentes here presents his second collection of stories to appear in English. Where his first,Burnt Water, published in 1980, had as its underlying theme Mexico City itself,Constancia and Other Stories for Virgins extends its imaginative boundaries out to Savannah, to Cadiz, to Glasgow, to Seville and Madrid, both past and present. This new collection is more mysterious, more magical, too, than its predecessor, and in its five related stories Fuentes comes closer to the registers of language and feeling that he explored so memorably inAura. It reveals Fuentes at the height of his powers--bold, erudite, enthralling.In the title story, a man discovers his wife's secret complicity with the Russian actor who is their neighbor--a complicity that includes not just a previous life but possibly a previous death as well. He finds himself ""a mediator . . . a point between one sorrow and the next, between one hope and the next, between two languages, two memories, two ages, and two deaths."" In ""La Desdichada,"" two students steal--and fall in love with--a store-window mannequin. In ""The Prisoner of Las Lomas,"" a wealthy lawyer in possession of a powerful secret is held hostage by the past he has attempted to subvert and keep at bay. The celebrated bullfighter whose fame is the theme of ""Viva Mi Fama"" steps from the present into a past immortalized by Goya's portrait of the matador Pedro Romero; and the architects who are the ""Reasonable People"" of that story find themselves drawn into the irrational mysteries not only of religious fervor but of their famous mentor's identity--they discover ""there are no empty houses,"" only a present fraught with the past.Though each of these novella-length stories offers compelling evidence of Fuentes's talent for narrative free rein as well as for containment and closure, they are also brilliantly interwoven. Readers of his earlier work, especially of his acclaimed ribald epic, Christopher Unborn, will recognize with pleasure Fuentes's undiminished mastery of recurrent images and themes, and all readers will delight in the witty and evocative changes he rings on them. For those few readers who do not yet know the work of Mexico's foremost man of letters, these stories offer them the full gift of his imaginative resourcefulness."," Fiction , Short Stories (single author)","Farrar, Straus and Giroux","Sunday, April 1, 1990",Price Starting at $5.29
128,9787241269885,May I Have This Dance?,"By Rupp, Joyce and Veeder, Judith (ILT)",," Religion , Devotional",Ave Maria Pr,"Wednesday, July 1, 1992",Price Starting at $4.89
129,9781826196146,"Meditations from Conversations with God: An Uncommon Dialogue, Book 1 (Conversations with God Series)","By Walsch, Neale Donald",," Religion , Meditations",TarcherPerigee,"Monday, September 1, 1997",Price Starting at $5.29
130,9787439035292,Washington bowed,"By McKeldin, Theodore R",,,Maryland Historical Society,"Sunday, January 1, 1956",Price Starting at $16.16
131,9788597446654,Chagall,"By Compton, Susan P.",," Art , General","""Harry N. Abrams, Inc.""","Wednesday, May 1, 1985",Price Starting at $10.99
132,9780805960006,Ride a Pale Horse,"By MacInnes, Helen",," Fiction , Mystery & Detective , General",Harcourt,"Monday, October 1, 1984",Price Starting at $5.29
133,9788215995663,Listening to Prozac: A Psychiatrist Explores Antidepressant Drugs and the Remaking of the Self,"By Kramer, Peter D.","Kramer (psychiatry, Brown U.) writes on ""the capacity of modern medication to allow a person to experience, on a stable and continuing basis, the feelings of someone with a different temperament and history,"" as ""one born with a different genome and exposed to a more benign world in childhood""--p.195. Annotation copyright Book News, Inc. Portland, Or."," Psychology , Psychopathology , Depression",Viking Adult,"Tuesday, June 1, 1993",Price Starting at $4.99
134,9786743927972,"The Big Garage on Clear Shot: Growing Up, Growing Old, and Going Fishing at the End of the Road","By Bodett, Tom",," Fiction , General",William Morrow & Co,"Saturday, September 1, 1990",Price Starting at $4.99
135,9780935922950,Life Stories,"By Newbold, Heather (EDT)","""This unusual collection of conversations with leading environmental thinkers breaks down the conventional separation between thinking and living. The presentations of ecological ideas are not only superior but often eloquent and powerful, and incorporate the latest information available. Since many of the chapters give quite full accounts of the interviewees' careers, the book will also provide inspiration to young readers."" --Ernest Callenbach, author of Ecology: A Pocket Guide""The recurring theme of environmental emergency comes through loud and clear in all of the interviews, but this book also shows that it is people who make things happen, not the great gray 'they' or 'we.' We learn exactly who it was that discovered the hole in the ozone layer and who invented the ideas of Gaia and the Population Bomb. . . . If I had my way I would make this book required reading for students across all disciplines, because its message is profound, urgent, compelling, and relevant to everyone.""--Anthony J. F. Griffiths, University of British Columbia, Winner of the Genetics Society of Canada Award of Excellence""Life Stories should be required reading. The reverence for life expressed by these heroes is deeply moving. Their fierce determination ought to inspire all of us as we confront the environmental challenges of the new millennium."" --Denis Hayes, International Chair, Earth Day 2000""We start the twenty-first century with a heightened awareness that our planet is under stress. Life Stories illustrates that the human spirit has the capacity to set forces in motion that will save our habitat. Heather Newbold introduces us to scientists who have probed the mysteries of our natural systems and taken action so our Earth can heal itself. As we meet them, our own hope for the future is inspired.""--Peter A. A. Berle, host of The Environment Show on Public Radio""These mini-autobiographies are captivating, challenging, and worrisome. We can successfully meet the challenge, but will we? This is attention-grabbing stuff. Once you start reading this book it will capture and hold you to the last page.""--Senator Gaylord Nelson, founder of Earth Day"," Science , Environmental Science",University of California Press,"Saturday, April 1, 2000",Price Starting at $4.99
136,9788723983473,Houghton Mifflin Invitations to Literature: Student Anthology Level 1.3 Share 1997 (Invitations to Lit 1997),By Hm (COR),," Juvenile Nonfiction , Language Arts , General",Houghton Mifflin,"Tuesday, October 1, 1996",Price Starting at $5.94
137,9780045555185,Grow Greener: Ten Steps to a Richer Life,"By Hoxton, Rob",,,"Robinson Hoxton Publishing, LLC","Thursday, November 1, 2001",Price Starting at $5.29
138,9786934736086,"Frames of Reference: Looking at American Art, 1900-1950: Works from the Whitney Museum of American Art","By Fraser, Kennedy, Whitney Museum of American Art (COR), Weinberg, Adam D., and Venn, Beth",," Art , History , General",University of California Press,"Saturday, January 1, 2000",Price Starting at $6.42
139,9784884627775,Remembering Main Street: An American Album,"By Ross, Pat","These evocative biographies of ten still-authentic towns will delight preservationists, travel and Americana buffs, and all who have a fondness for American social history and popular culture.Pat Ross grew up in Main Street America, and here she returns to explore how Main Street itself grew up - commercially, culturally, and architecturally. By investigating the histories of the corner drugstore or courthouse, for example, or by profiling local merchants, artists, and town legends - both heroes and scoundrels - the author evokes the special spirit of these towns, showing how each represents some phase of American history and how each has weathered adversity and given new life to its economy."," History , United States , General",Studio,"Tuesday, November 1, 1994",Price Starting at $10.99
140,9781723913716,Spicy,"By Hayes, Alan",,,Harpercollins Publisher,"Thursday, December 1, 1994",Price Starting at $4.99
141,9785288446184,Pope John Paul II,"By Szulc, Tad",," Biography & Autobiography , Religious",Scribner,"Saturday, April 1, 1995",Price Starting at $4.99
142,9786217170972,"The Virgin Homeowner: The Essential Guide to Owning, Maintaining, and Surviving Your Home","By Papolos, Janice",," House & Home , Reference",Penguin Books,"Monday, March 1, 1999",Price Starting at $5.29
143,9781344638388,"Fight Fat After Forty: The Revolutionary Three-Pronged Approach That Will Break Your Stress-Fat Cycle and Make You Healthy, Fit, and Trim for Life","By Peeke, Pamela","It's a fact: stress makes you fat. Renowned clinician and scientist Dr. Pamela Peeke goes beyond diet and exercise with a lifestyle program that shows women how to stop being diet ""POWs"" (""Prisoners Of Weight"") or victims of ""Toxic Stress"" and how to evolve into physically and mentally stress-resilient individuals. Peeke helps women identify their stress-eating profiles (Are you a stress-overeater? A stress-undereater?) and explains that to remove weight, you have to lift weight. She explains what to eat and, equally as important, when to eat by navigating the afternoon ""CortiZone,"" the hours of highest vulnerability to stress eating. Learn how to put it all together through the fine art of regrouping.Women can tailor this accessible program to their individual needs using Peeke's three behavior templates:* Stress-resilient nutrition* Stress-resilient physical activity* Stress-resilient regroupingDr. Peeke's program is a must for women who want to break the stress-fat cycle that has thickened their after-forty waistlines."," Health & Fitness , Diet & Nutrition , Diets",Penguin Books,"Tuesday, May 1, 2001",Price Starting at $4.99
144,9783565323906,Leadership Presence,"By Halpern, Belle Linda and Lubar, Kathy",," Business & Economics , Motivational",Avery,"Friday, October 1, 2004",Price Starting at $5.29
145,9788777282003,The Golden Christmas Tree,"By Weisgard, Leonard (ILT) and Wahl, Jan",A simple yet poignant Christmas story tells of the joy and cheer visited upon the world by the animals as they gather to decorate a holiday tree," Juvenile Fiction , General",Golden Books,"Saturday, October 1, 1988",Price Starting at $4.99
146,9783949525421,The Age of Uncertainty,"By Galbraith, John Kenneth","The distinguished diplomat and economist surveys the ideas and influence of economists and social philosophers, from Adam Smith's day to the present, contrasting the certainties in nineteenth-century economic thought with the uncertainty of today's"," Business & Economics , General",Houghton Mifflin Harcourt,"Saturday, January 1, 1977",Price Starting at $10.99
147,9787715660675,Global Literacies: Lessons on Business Leadership and National Cultures,"By Rosen, Robert (EDT), Digh, Patricia, Singer, Marshall, and Phillips, Carl","Throughout the world, languages differ, but the business questions are the same. In French and Japanese, Hebrew and English, executives are asking, ""How can I survive and thrive in the borderless, global marketplace?""  For answers, the authors of Global Literacies went straight to the leaders themselves -- the CEOs of thousands of corporations around the globe.  Two lessons emerged. First, there are leadership universals that every executive and manager needs to practice in order to be world-class at home and abroad. The second defied conventional wisdom: in the borderless economy, culture doesn't matter less, it matters more.  Around the world, business leaders apply their own experiences -- personal, professional, and cultural -- to an ever-expanding world of Dutch colleagues, Brazilian suppliers, Taiwanese manufacturers, and Chinese competitors. These leaders are trying to become globally literate...and Global Literacies is for, and about, them.  No one knows this better than CEOs of successful global companies such as Japan's Canon, Sweden's Ericsson, Taiwan's Acer Computers, the U.K.'s British Telecommunications, and U.S.-based Coca-Cola.  In Global Literacies, a team of researchers led by Robert Rosen, Ph.D., of Healthy Companies International, and Watson Wyatt Worldwide have produced the first model of international business success based on a wide-ranging landmark study of global leaders and their world-class companies. Global Literacies documents the exclusive results of a worldwide survey of over one thousand senior executives and in-depth interviews with CEOs of seventy-eight companies -- companies representing 3.5 million employees in more than 200 countries, and with more than $725 billion in annual sales.  Global Literacies offers compelling new insights and business tools:  The Global Leadership Universals  Learn the new literacies of business:  * Personal Literacy -- understanding and valuing yourself * Social Literacy -- engaging and challenging people * Business Literacy -- focusing and mobilizing your business * Cultural Literacy -- valuing and leveraging cultural difference  The Global Success Quotient  Learn which are the most globally active, financially successful companies -- and countries -- in the world, understand how they got there, and apply those learnings to your own organization.  The Cultures of Twenty-first-Century Business  Develop ways to see global challenges and opportunities, think with an international mindset, act with fresh global-centric leadership behaviors, and mobilize world-class companies -- whether you're a multinational giant, a domestic manufacturer, or a local community organization.  National Profiles  With sophisticated profiles of thirty countries, and survey data from eighteen national cultures -- from the Tolerant Traders of the Netherlands to China's Ancient Modernizers and the Optimistic Entrepreneurs of the United States, Global Literacies is a groundbreaking and fascinating work on the most important issues in the world of business today."," Business & Economics , Management",Simon & Schuster,"Wednesday, November 1, 2000",Price Starting at $4.99
148,9782748508987,Results: The Key to Continuous School Improvement,"By Schmoker, Michael J.",," Education , Educational Policy & Reform , General",Assn for Supervision & Curriculum,"Monday, April 1, 1996",Price Starting at $4.99
149,9787582688246,Trailside Guide: Fly Fishing,"By Hildebrand, Ron (ILT) and Merwin, John","Norton proudly reissues these best-selling guides with fully revised ""Sources &  Resources"" sections (including where to  find the Web sites, gear, services, books,  clubs, and organizations that make for foolproof outings); updates to reflect the latest in gear  technology, wilderness medicine, and first aid;  and advances in techniques.You can take it  with you: Trailside Guides are designed to be  used on the trail. Their handy size makes them  easy to take along on outdoor  adventures.Picture this: Trailside Guides show  you how it's done. Each book has more than 100  color photographs and dozens of informative,  full-color technical illustrations you'll refer to again and again.Buying Guide: Each Guide has  all the information readers need to make  informed decisions about what gear is available, and what they should buy.Step-by-step: Tutorials take readers through every aspect of a given  outdoor activity. Each Guide covers planning and preparing for a trip, getting in shape,  technique, safety, and first-aid tips, and how  to have more fun along the way!Easy to use:  Trailside Guides provide information quickly.  Every book contains detailed illustrations,  information-packed sidebars, and a complete  index and bibliography.Technique tips: Any  physical activity is more fun when it's done  right. Trailside Guides are written by experts  and contain lucid explanations that help the  reader quickly achieve proficiency.It's a  big world out there. Get into it with the  Trailside Guides."," Sports & Recreation , Fishing",W. W. Norton & Company,"Monday, January 1, 1996",Price Starting at $19.25
150,9789355754707,I Wish I Had a Red Dress,"By Cleage, Pearl","Joyce Mitchell was widowed far too young when her beloved husband, Mitch, died in a tragic accident five years ago. Since then she's kept her hands full and her mind and heart occupied by running The Sewing Circus, an all-girl group she founded to provide badly needed services like day care and job counseling to young women, many of whom are single mothers. More important, The Circus is a place for lively, wide-ranging, heart-to-heart discussions that will help members grow into what Joyce likes to call ""twenty-first-century free women.""All in all, Joyce has a full and rich life. She has her work, her family, her friends, and her town. But there are some nights when she crawls into bed alone and has to admit that something is missing. What she doesn't have is that red dress she keeps dreaming about or a social life that would accommodate it even if she braved the mail and bought one. To further complicate matters, she may not have The Sewing Circus much longer, as the state legislature has decided not to fund the group's vital but hard-todefine work with young women who are too often regarded as problems rather than possibilities.Feeling defeated and pessimistic, Joyce reluctantly agrees to keep a date for dinner at the home of her best friend, Sister -- a reverend like no other-and finds not only a perfect meal but a tall, dark stranger named Nate Anderson. Nate has just joined the administration at the high school and his unexpected presence in Idlewild touches a chord in Joyce that she thought her heart had forgotten how to play. Nate feels the same immediate connection, but both have enough experience with broken hearts to take it real slow. Besides, they've got too much work to do to concentrate on falling in love....But life moves at its own pace, and as Sister says, ""if you want to make God laugh, make plans."" Particularly when it comes to matters of the heart. Joyce decides the trick is to stay focused and to remember that nothing is as sexy as the truth, the whole truth, and nothing but the truth, especially if you tell it while you're wearing a perfect red dress...."," Fiction , Literary",William Morrow,"Sunday, July 1, 2001",Price Starting at $5.29
1,9786165172868,Goat Brothers,"By Colton, Larry",," History , General",Doubleday,"Friday, January 1, 1993",Price Starting at $8.79
6,9787686945825,The Foundation of Leadership: Enduring Principles to Govern Our Lives,"By Short, Bo",,,Excalibur Press,"Wednesday, January 1, 1997",Price Starting at $6.06
11,9789381666227,The Dieter's Guide to Weight Loss During Sex,"By Smith, Richard","A humor classic, this tongue-in-cheek diet plan bases calorie counts on sexual activity and charts the exact number of calories burned.""You and your friends can read this book aloud while sitting on the beach and shed a combined total of ten thousand calories in thirty-three minutes. Yes, it's that funny.""-Glamour. Selection of the Quality Paperback Book and Playboy book clubs and a New York Times Bestseller. 935,000 copies in print."," HEALTH & FITNESS , DIET & NUTRITION , DIETS",Workman Publishing Company,"Sunday, January 1, 1978",Price Starting at $4.99
21,9781076924292,The Great ABC Treasure Hunt: A Hidden Picture Alphabet Book (Time-Life Early Learning Program),"By Time-Life for Children (Firm) (COR), Singer, Muff, and Hoggan, Pat (ILT)",," JUVENILE NONFICTION , GENERAL",Time Life Education,15/03/2020,Price Starting at $5.29
